Alimento,id,Pt,C,Df,Ca,Mg,Mn,P,Fe,Na,Zn,kcal
"Café, infusão 10%",1,0.7,1.5,0.0,3,10,0.04,9,0.0,1,0.0,9.07086859961352
"Chá, erva-doce, infusão 5%",2,0.0,0.4,0.0,2,1,0.01,1,0.0,1,0.0,1.39705997387564
"Chá, mate, infusão 5%",3,0.0,0.6,0.0,1,2,0.27,0,0.0,0,0.0,2.73074995112414
"Chá, preto, infusão 5%",4,0.0,0.6,0.0,0,1,0.09,2,0.0,0,0.0,2.24790995796521
"Coco, água de",5,0.0,5.3,0.1,19,5,0.25,4,0.0,2,0.0,21.5085942405065
"Refrigerante, tipo água tônica",6,0.0,8.0,0.0,1,0,0.0,0,0.0,8,0.0,30.7794
"Refrigerante, tipo cola",7,0.0,8.7,0.0,1,0,0.0,17,0.0,7,0.0,33.5142
"Refrigerante, tipo guaraná",8,0.0,10.0,0.0,1,0,0.0,0,0.0,9,0.0,38.7
"Refrigerante, tipo laranja",9,0.0,11.8,0.0,2,1,0.0,1,0.0,9,0.0,45.6273
"Refrigerante, tipo limão",10,0.0,10.3,0.0,2,1,0.0,0,0.0,9,0.0,39.7191
"Bebida láctea, pêssego",11,2.1,7.6,0.3,89,9,0.0,63,0.0,46,0.2,55.1648333333333
"Leite, de cabra",12,3.1,5.2,0.0,112,10,0.0,113,0.1,74,0.4,66.41574188654329
"Leite, de vaca, achocolatado",13,2.1,14.2,0.6,70,13,0.05,71,0.5,72,0.3,82.8209962719936
"Leite, de vaca, desnatado, pó",14,34.7,53.0,0.0,1363,109,0.0,1673,0.9,432,3.8,361.608
"Leite, de vaca, integral, pó",15,25.4,39.2,0.0,890,77,0.0,1242,0.5,323,2.7,496.6503
"Leite, fermentado",16,1.9,15.7,0.0,72,6,0.02,63,0.0,33,0.3,69.62147399999999
"Bebida láctea, pêssego",17,2.1,7.6,0.3,89,9,0.0,63,0.0,46,0.2,55.1648333333333
"Iogurte, natural",18,4.1,1.9,0.0,143,11,0.0,119,0.0,52,0.4,51.4895333333333
"Iogurte, natural, desnatado",19,3.8,5.8,0.0,157,12,0.0,110,0.0,60,0.5,41.4927112815583
"Iogurte, sabor morango",20,2.7,9.7,0.2,101,8,0.0,73,0.0,38,0.3,69.5656
"Iogurte, sabor pêssego",21,2.5,9.4,0.7,95,8,0.0,66,0.1,37,0.3,67.8494
"Caju, suco concentrado, envasado",22,0.4,10.7,0.6,1,8,0.06,11,0.1,45,0.1,45.1086266666667
"Laranja, baía, suco",23,0.7,8.7,0.0,6,8,0.02,22,0.1,0,0.0,36.6494826086956
"Laranja, da terra, suco",24,0.7,9.6,1.0,13,10,0.02,15,0.1,0,0.1,40.95600731086729
"Laranja, lima, suco",25,0.7,9.2,0.4,8,11,0.02,16,0.0,0,0.0,39.3360939441324
"Laranja, pêra, suco",26,0.7,7.6,0.0,7,8,0.03,14,0.0,0,0.0,32.7097536231884
"Laranja, valência, suco",27,0.5,8.6,0.4,9,10,0.03,17,0.0,0,0.0,36.1963505876859
"Limão, cravo, suco",28,0.3,5.2,0.0,10,9,0.03,11,0.1,0,0.0,14.1037333993117
"Limão, galego, suco",29,0.6,7.3,0.0,5,6,0.01,13,0.1,0,0.1,22.225043478260893
"Maracujá, suco concentrado, envasado",30,0.8,9.6,0.4,4,4,0.07,14,0.3,22,0.1,41.96732
"Tangerina, Poncã, suco",31,0.5,8.8,0.0,4,6,0.02,9,0.0,0,0.0,36.1088
"Uva, suco concentrado, envasado",32,0.0,14.7,0.2,9,7,0.2,10,0.1,10,0.1,57.65536
"Abacate, cru",33,1.2,6.0,6.3,8,15,0.17,22,0.2,0,0.2,96.1547086956522
"Abacaxi, cru",34,0.9,12.3,1.0,22,18,1.62,13,0.3,0,0.1,48.3222130434782
"Abiu, cru",35,0.8,14.9,1.7,6,9,0.08,20,0.2,0,0.1,62.424098408540104
"Acerola, crua",36,0.9,8.0,1.5,13,13,0.07,9,0.2,0,0.1,33.462270000000004
"Ameixa, crua",37,0.8,13.9,2.4,6,5,0.03,14,0.1,0,0.1,52.54248260869571
"Atemóia, crua",38,1.0,25.3,2.1,23,25,0.16,23,0.2,1,0.2,96.97158744792141
"Banana, da terra, crua",39,1.4,33.7,1.5,4,24,0.16,26,0.3,0,0.2,128.024452173913
"Banana, figo, crua",40,1.1,27.8,2.8,6,30,0.21,16,0.2,0,0.1,105.08265
"Banana, maçã, crua",41,1.8,22.3,2.6,3,24,0.6,29,0.2,0,0.1,86.8053304347826
"Banana, nanica, crua",42,1.4,23.8,1.9,3,28,0.14,27,0.3,0,0.2,91.528847826087
"Banana, ouro, crua",43,1.5,29.3,2.0,3,28,0.09,22,0.3,0,0.3,112.366047826087
"Banana, pacova, crua",44,1.2,20.3,2.0,5,30,0.41,20,0.4,1,0.1,77.90952792507409
"Banana, prata, crua",45,1.3,26.0,2.0,8,26,0.42,22,0.4,0,0.1,98.2497021739131
"Cacau, cru",46,1.0,19.4,2.2,12,25,0.04,9,0.3,1,0.6,74.29148
"Cajá-Manga, cru",47,1.3,11.4,2.6,13,11,0.05,24,0.2,1,0.2,45.58096877372272
"Caju, cru",48,1.0,10.3,1.7,1,10,0.12,16,0.2,3,0.1,43.0650685217391
"Carambola, crua",49,0.9,11.5,2.0,5,7,0.13,11,0.2,4,0.2,45.74088879342871
"Ciriguela, crua",50,1.4,18.9,3.9,27,18,0.06,49,0.4,2,0.5,75.59411
"Cupuaçu, cru",51,1.2,10.4,3.1,13,18,0.07,21,0.5,3,0.3,49.4225587743719
"Figo, cru",52,1.0,10.2,1.8,27,11,0.06,15,0.2,0,0.1,41.4471260869565
"Fruta-pão, crua",53,1.1,17.2,5.5,34,24,0.04,27,0.2,1,0.1,67.04562
"Goiaba, branca, com casca, crua",54,0.9,12.4,6.3,5,7,0.07,16,0.2,0,0.2,51.737747826086995
"Goiaba, vermelha, com casca, crua",55,1.1,13.0,6.2,4,7,0.09,15,0.2,0,0.1,54.1699304347826
"Graviola, crua",56,0.8,15.8,1.9,40,23,0.08,19,0.2,4,0.1,61.6218983766636
"Jabuticaba, crua",57,0.6,15.3,2.3,8,18,0.3,15,0.1,0,0.3,58.05315
"Jaca, crua",58,1.4,22.5,2.4,11,40,0.48,14,0.4,2,0.2,87.92035
"Jambo, cru",59,0.9,6.5,5.1,14,14,0.05,18,0.1,22,0.1,26.9123
"Jamelão, cru",60,0.5,10.6,1.8,3,2,0.0,4,0.0,1,0.0,41.00970891670389
"Kiwi, cru",61,1.3,11.5,2.7,24,11,0.05,33,0.3,0,0.1,51.1363304347826
"Laranja, baía, crua",62,1.0,11.5,1.1,35,9,0.04,24,0.1,0,0.1,45.438117391304296
"Laranja, da terra, crua",63,1.1,12.9,4.0,51,14,0.04,20,0.1,1,0.2,51.4711286392808
"Laranja, lima, crua",64,1.1,11.5,1.8,31,10,0.05,15,0.1,1,0.1,45.70103878062961
"Laranja, pêra, crua",65,1.0,8.9,0.8,22,9,0.05,23,0.1,0,0.1,36.77376521739129
"Laranja, valência, crua",66,0.8,11.7,1.7,34,14,0.06,20,0.1,1,0.1,46.109628783385
"Maçã, Argentina, com casca, crua",67,0.2,16.6,2.0,3,5,0.01,11,0.1,1,0.0,62.5318183662891
"Maçã, Fuji, com casca, crua",68,0.3,15.2,1.3,2,2,0.03,9,0.1,0,0.0,55.51520000000011
"Macaúba, crua",69,2.1,13.9,13.4,67,66,0.08,44,0.8,1,0.7,404.281876666667
"Mamão, Formosa, cru",70,0.8,11.6,1.8,25,17,0.04,11,0.2,3,0.1,45.340747826086904
"Mamão, Papaia, cru",71,0.5,10.4,1.0,22,22,0.01,11,0.2,2,0.1,40.1567689422966
"Manga, Haden, crua",72,0.4,16.7,1.6,12,8,0.17,9,0.1,1,0.1,63.5003183387915
"Manga, Palmer, crua",73,0.4,19.4,1.6,12,9,0.05,14,0.1,2,0.1,72.4867380916873
"Manga, Tommy Atkins, crua",74,0.9,12.8,2.1,8,7,0.34,14,0.1,0,0.1,50.6921826086956
"Maracujá, cru",75,2.0,12.3,1.1,5,28,0.12,51,0.6,2,0.4,68.43950869565211
"Melancia, crua",76,0.9,8.1,0.1,8,10,0.14,12,0.2,0,0.1,32.6066260869565
"Melão, cru",77,0.7,7.5,0.3,3,6,0.05,10,0.2,11,0.1,29.3693913043478
"Mexerica, Murcote, crua",78,0.9,14.9,3.1,33,12,0.05,19,0.1,1,0.1,57.5927784746488
"Mexerica, Rio, crua",79,0.7,9.3,2.7,17,8,0.05,14,0.1,2,0.2,36.8713500000001
"Morango, cru",80,0.9,6.8,1.7,11,10,0.33,22,0.3,0,0.2,30.147917391304397
"Nêspera, crua",81,0.3,11.5,3.0,20,10,0.07,10,0.1,0,0.1,42.53919886819521
"Pequi, cru",82,2.3,13.0,19.0,32,30,0.64,34,0.3,0,1.0,204.96677
"Pêra, Park, crua",83,0.2,16.1,3.0,9,6,0.04,12,0.3,1,0.1,60.58859
"Pêra, Williams, crua",84,0.6,14.0,3.0,8,6,0.04,12,0.1,0,0.1,53.3090478260869
"Pêssego, Aurora, cru",85,0.8,9.3,1.4,3,4,0.05,15,0.2,0,0.1,36.3275990245342
"Pinha, crua",86,1.5,22.4,3.4,21,31,0.15,34,0.2,1,0.2,88.4735276668668
"Pitanga, crua",87,0.9,10.2,3.2,18,12,0.36,13,0.4,2,0.4,41.41553
"Romã, crua",88,0.4,15.1,0.4,5,13,0.13,40,0.3,1,0.7,55.739
"Tamarindo, cru",89,3.2,72.5,6.4,37,59,0.34,55,0.6,0,0.7,275.695642694414
"Tangerina, Poncã, crua",90,0.8,9.6,0.9,13,8,0.04,12,0.1,0,0.0,37.8306
"Tucumã, cru",91,2.1,26.5,12.7,46,121,0.55,53,0.6,4,0.9,262.015195072393
"Umbu, cru",92,0.8,9.4,2.0,12,11,0.03,13,0.1,0,0.4,37.01669
"Uva, Itália, crua",93,0.7,13.6,0.9,7,5,0.13,12,0.1,0,0.0,52.87310000000011
"Uva, Rubi, crua",94,0.6,12.7,0.9,8,6,0.07,23,0.2,8,0.0,49.06129
"Bebida láctea, pêssego",95,2.1,7.6,0.3,89,9,0.0,63,0.0,46,0.2,55.1648333333333
"Iogurte, natural",96,4.1,1.9,0.0,143,11,0.0,119,0.0,52,0.4,51.4895333333333
"Iogurte, natural, desnatado",97,3.8,5.8,0.0,157,12,0.0,110,0.0,60,0.5,41.4927112815583
"Iogurte, sabor morango",98,2.7,9.7,0.2,101,8,0.0,73,0.0,38,0.3,69.5656
"Iogurte, sabor pêssego",99,2.5,9.4,0.7,95,8,0.0,66,0.1,37,0.3,67.8494
"Leite, de cabra",100,3.1,5.2,0.0,112,10,0.0,113,0.1,74,0.4,66.41574188654329
"Leite, de vaca, achocolatado",101,2.1,14.2,0.6,70,13,0.05,71,0.5,72,0.3,82.8209962719936
"Leite, de vaca, desnatado, pó",102,34.7,53.0,0.0,1363,109,0.0,1673,0.9,432,3.8,361.608
"Leite, de vaca, integral, pó",103,25.4,39.2,0.0,890,77,0.0,1242,0.5,323,2.7,496.6503
"Leite, fermentado",104,1.9,15.7,0.0,72,6,0.02,63,0.0,33,0.3,69.62147399999999
"Queijo, minas, frescal",105,17.4,3.2,0.0,579,7,0.02,123,0.9,31,0.3,264.273128
"Queijo, minas, meia cura",106,21.2,3.6,0.0,696,27,0.02,403,0.2,501,2.7,320.72181773326
"Queijo, mozarela",107,22.6,3.0,0.0,875,24,0.03,470,0.3,581,3.5,329.870718420887
"Queijo, parmesão",108,35.6,1.7,0.0,992,33,0.05,745,0.5,1844,4.4,452.963755333333
"Queijo, pasteurizado",109,9.4,5.7,0.0,323,16,0.01,578,0.3,780,1.3,303.079803333333
"Queijo, petit suisse, morango",110,5.8,18.5,0.0,731,27,0.02,448,0.1,412,2.7,121.105954
"Queijo, prato",111,22.7,1.9,0.0,940,28,0.03,461,0.3,580,3.5,359.880462405055
"Queijo, requeijão, cremoso",112,9.6,2.4,0.0,259,12,0.02,448,0.1,558,1.3,257.0
"Queijo, ricota",113,12.6,3.8,0.0,253,12,0.0,162,0.1,283,0.5,139.73178
"Biscoito, doce, maisena",114,8.1,75.2,2.1,54,37,0.78,166,1.8,352,1.0,442.819390144928
"Biscoito, doce, recheado com chocolate",115,6.4,70.5,3.0,27,48,0.59,139,2.3,239,1.0,471.824779710145
"Biscoito, doce, recheado com morango",116,5.7,71.0,1.5,36,27,0.66,138,1.5,230,0.7,471.174736231884
"Biscoito, doce, wafer, recheado de chocolate",117,5.6,67.5,1.8,23,48,0.44,124,2.4,137,0.9,502.456857971014
"Biscoito, doce, wafer, recheado de morango",118,4.5,67.4,0.8,14,19,0.28,73,1.1,120,0.5,513.446182608696
"Biscoito, salgado, cream cracker",119,10.1,68.7,2.5,20,40,0.69,148,2.2,854,1.1,431.73228115942004
"Bolo, pronto, aipim",120,4.4,47.9,0.7,85,10,0.11,122,0.5,111,0.4,323.851666666667
"Bolo, pronto, chocolate",121,6.2,54.7,1.4,75,28,0.38,197,2.1,283,0.7,410.013666666667
"Bolo, pronto, coco",122,5.7,52.3,1.1,57,16,0.4,303,0.8,190,0.7,333.437666666667
"Bolo, pronto, milho",123,4.8,45.1,0.7,83,10,0.11,128,0.7,134,0.4,311.387
"Cereal matinal, milho",124,7.2,83.8,4.1,143,11,0.06,101,3.1,655,7.6,365.354163768116
"Cereal matinal, milho, com açúcar",125,4.7,88.8,2.1,56,8,0.13,43,3.9,405,8.5,377.0
"Curau, milho verde",126,2.4,13.9,0.5,53,16,0.06,75,0.4,21,0.4,78.4338183136559
"Pão, aveia, forma",127,12.4,59.6,6.0,109,57,1.08,182,4.7,606,1.7,343.08536666666697
"Pão, de soja",128,11.3,56.5,5.7,90,48,0.57,153,3.3,663,1.5,308.726323333333
"Pão, glúten, forma",129,12.0,44.1,2.5,156,24,0.51,105,5.7,22,1.3,252.99403
"Pão, milho, forma",130,8.3,56.4,4.3,78,29,0.37,110,3.0,507,0.8,292.01349
"Pão, trigo, forma, integral",131,9.4,49.9,6.9,132,60,1.62,193,3.0,506,1.6,253.193618333333
"Pão, trigo, francês",132,8.0,58.6,2.3,16,25,0.46,95,1.0,648,0.8,299.810150434783
"Pão, trigo, sovado",133,8.4,61.5,2.4,52,22,0.31,101,2.3,431,2.7,310.96494
"Pão, de queijo, assado",134,5.1,34.2,0.6,102,8,0.03,94,0.3,773,0.6,363.0779133333329
"Arroz, integral, cozido",135,2.6,25.8,2.7,5,59,0.63,106,0.3,1,0.7,123.5348925
"Arroz, tipo 1, cozido",136,2.5,28.1,1.6,4,2,0.3,18,0.1,1,0.5,128.258485666667
"Arroz, tipo 2, cozido",137,2.6,28.2,1.1,3,6,0.37,22,0.1,2,0.5,130.119648333333
"Lasanha, massa fresca, cozida",138,5.8,32.5,1.6,10,4,0.2,42,1.2,207,0.4,163.763666666667
"Macarrão, instantâneo",139,8.8,62.4,5.6,18,19,0.25,112,0.8,1516,0.5,435.864780533333
"Batata, baroa, cozida",140,0.9,18.9,1.8,12,8,0.22,29,0.4,2,0.4,80.1197625
"Batata, doce, cozida",141,0.6,18.4,2.2,17,11,0.14,15,0.2,3,0.1,76.7596105034352
"Batata, inglesa, cozida",142,1.2,11.9,1.3,4,5,0.07,24,0.2,2,0.2,51.58847663627071
"Batata, inglesa, frita",143,5.0,35.6,8.1,6,14,0.15,70,0.4,2,0.4,267.157422502041
"Batata, inglesa, sauté",144,1.3,14.1,1.4,4,6,0.08,32,0.3,8,0.2,67.8879361506303
"Mandioca, cozida",145,0.6,30.1,1.6,19,27,0.06,22,0.1,1,0.2,125.35825
"Mandioca, frita",146,1.4,50.3,1.9,23,95,0.18,57,0.3,9,0.4,300.05524338915
"Ervilha, em vagem",147,7.5,14.2,9.7,24,42,0.4,152,1.4,0,1.2,88.0935819997785
"Ervilha, enlatada, drenada",148,4.6,13.4,5.1,22,23,0.46,79,1.4,372,0.9,73.8447043478261
"Feijão, carioca, cozido",149,4.8,13.6,8.5,27,42,0.28,87,1.3,2,0.7,76.4240856666667
"Feijão, fradinho, cozido",150,5.1,13.5,7.5,17,38,0.53,85,1.1,1,1.1,78.0088966666667
"Feijão, jalo, cozido",151,6.1,16.5,13.9,29,44,0.32,121,1.9,1,1.0,92.73992
"Feijão, preto, cozido",152,4.5,14.0,8.4,29,40,0.37,88,1.5,2,0.7,77.0272666666667
"Feijão, rajado, cozido",153,5.5,15.3,9.3,29,42,0.29,113,1.4,1,0.9,84.70185273349291
"Feijão, rosinha, cozido",154,4.5,11.8,4.8,19,43,0.46,90,1.2,2,1.3,67.8662287714283
"Feijão, roxo, cozido",155,5.7,12.9,11.5,23,34,0.32,106,1.4,1,1.0,76.89338231790059
"Lentilha, cozida",156,6.3,16.3,7.9,16,22,0.29,104,1.5,1,1.1,92.63876625229919
"Soja, extrato solúvel, natural, fluido",157,2.4,4.3,0.4,17,15,0.15,53,0.4,57,0.3,39.10485527535079
"Soja, extrato solúvel, pó",158,35.7,28.5,7.3,359,216,2.68,647,7.0,83,5.8,458.89572943786794
"Abóbora, cabotian, cozida",159,1.4,10.8,2.5,8,9,0.26,33,0.3,1,0.3,48.0437425
"Abóbora, moranga, refogada",160,0.4,6.0,1.5,19,7,0.02,12,0.1,3,0.1,29.0038220317562
"Abobrinha, italiana, cozida",161,1.1,3.0,1.6,17,17,0.11,22,0.2,1,0.3,15.038520000000002
"Abobrinha, italiana, refogada",162,1.1,4.2,1.4,21,13,0.14,32,0.4,2,0.3,24.429602187653398
"Acelga, crua",163,1.4,4.6,1.1,43,10,0.11,40,0.3,1,0.3,20.942342499999896
"Agrião, cru",164,2.7,2.3,2.1,133,18,0.28,51,3.1,7,0.7,16.5788014492753
"Aipo, cru",165,0.8,4.3,1.0,65,9,0.18,28,0.7,10,0.1,19.091456644970602
"Alface, americana, crua",166,0.6,1.7,1.0,14,6,0.12,19,0.3,7,0.2,8.79490323686605
"Alface, crespa, crua",167,1.3,1.7,1.8,38,11,0.2,26,0.4,3,0.3,10.6808565217392
"Alface, lisa, crua",168,1.7,2.4,2.3,28,9,0.33,26,0.6,4,0.3,13.8209014492753
"Alface, roxa, crua",169,0.9,2.5,2.0,34,9,0.12,51,2.5,7,0.2,12.716997363468002
"Alfavaca, crua",170,2.7,5.2,4.1,258,84,0.15,50,1.3,5,0.7,29.183613081057896
"Almeirão, cru",171,1.8,3.3,2.6,19,21,0.17,40,0.7,2,0.3,18.0344289855072
"Almeirão, refogado",172,1.7,5.7,3.4,63,17,0.28,31,1.6,15,0.2,65.0819108288685
"Berinjela, cozida",173,0.7,4.5,2.5,11,9,0.11,15,0.2,1,0.1,18.845285556813106
"Beterraba, cozida",174,1.3,7.2,1.9,15,17,0.19,30,0.2,23,0.4,32.154324331402805
"Beterraba, crua",175,1.9,11.1,3.4,18,24,1.23,19,0.3,10,0.5,48.8285086956522
"Brócolis, cozido",176,2.1,4.4,3.4,51,15,0.12,33,0.5,2,0.2,24.6361631113688
"Brócolis, cru",177,3.6,4.0,2.9,86,30,0.26,78,0.6,3,0.5,25.495131884057997
"Cará, cozido",178,1.5,18.9,2.6,5,15,0.02,28,0.3,1,0.2,77.5849133333334
"Catalonha, crua",179,1.9,4.8,2.0,57,17,0.34,32,3.1,9,0.5,23.8884122573733
"Catalonha, refogada",180,2.0,4.8,3.7,63,16,0.64,35,1.2,25,0.4,63.4492691488266
"Cenoura, cozida",181,0.8,6.7,2.6,26,14,0.05,27,0.1,8,0.2,29.8617777101596
"Cenoura, crua",182,1.3,7.7,3.2,23,11,0.05,28,0.2,3,0.2,34.1353884057971
"Chicória, crua",183,1.1,2.9,2.2,45,14,0.13,13,0.5,14,0.1,13.837120289855099
"Chuchu, cozido",184,0.4,4.8,1.0,8,7,0.07,13,0.1,2,0.1,18.539790531377
"Couve, manteiga, crua",185,2.9,4.3,3.1,131,35,1.02,49,0.5,6,0.4,27.0566971014493
"Couve, manteiga, refogada",186,1.7,8.7,5.7,177,26,0.12,33,0.5,11,0.2,90.3448154261112
"Couve-flor, cozida",187,1.2,3.9,2.1,16,5,0.1,25,0.1,2,0.3,19.1141406147282
"Espinafre, Nova Zelândia, cru",188,2.0,2.6,2.1,98,82,0.71,25,0.4,17,0.3,16.0956942028985
"Espinafre, Nova Zelândia, refogado",189,2.7,4.2,2.5,112,123,0.61,34,0.6,47,0.6,67.25365175066399
"Mostarda, folha, crua",190,2.1,3.2,1.9,68,16,0.14,58,1.1,3,0.3,18.1073890521725
"Palmito, juçara, em conserva",191,1.8,4.3,3.2,58,34,10.82,40,0.3,514,0.7,18.0
"Palmito, pupunha, em conserva",192,2.5,5.5,2.6,32,25,0.14,55,0.2,563,0.4,29.4319633333333
"Pepino, cru",193,0.9,2.0,1.1,10,9,0.08,12,0.1,0,0.1,9.53369130434782
"Repolho, branco, cru",194,0.9,3.9,1.9,35,9,0.13,14,0.2,4,0.2,17.118802898550697
"Repolho, roxo, cru",195,1.9,7.2,2.0,44,18,0.25,58,0.5,2,0.3,30.9075029543241
"Repolho, roxo, refogado",196,1.8,7.6,1.8,43,17,0.26,59,0.5,3,0.3,41.7735252897143
"Rúcula, crua",197,1.8,2.2,1.7,117,18,0.24,25,0.9,9,0.2,13.133256607294099
"Tomate, com semente, cru",198,1.1,3.1,1.2,7,11,0.07,20,0.2,1,0.1,15.335156521739199
"Tomate, salada",199,0.8,5.1,2.3,7,10,0.04,23,0.3,5,0.2,20.5469091666666
"Abadejo, filé, congelado, assado",200,23.5,0.0,0.0,23,20,0.0,338,0.5,334,0.5,111.61550345118799
"Abadejo, filé, congelado,cozido",201,19.3,0.0,0.0,17,16,0.0,351,0.3,189,0.4,91.1035483955542
"Abadejo, filé, congelado, grelhado",202,27.6,0.0,0.0,20,22,0.0,581,0.3,305,0.4,129.643525902867
"Atum, conserva em óleo",203,26.2,0.0,0.0,7,29,0.0,211,1.2,362,0.6,165.91056057890302
"Bacalhau, salgado, refogado",204,24.0,1.2,0.0,59,15,0.0,51,0.2,1256,0.6,139.66070105353998
"Cação, posta, com farinha de trigo, frita",205,25.0,3.1,0.5,30,26,0.06,462,1.0,160,0.6,208.332743725975
"Cação, posta, cozida",206,25.6,0.0,0.0,10,21,0.0,204,0.3,115,0.6,116.01448068765801
"Camarão, Rio Grande, grande, cozido",207,19.0,0.0,0.0,90,19,0.06,266,1.3,367,1.2,90.0136800963084
"Camarão, Sete Barbas, sem cabeça, com casca, frito",208,18.4,2.9,0.0,960,74,0.38,337,2.4,99,1.1,231.246153850873
"Caranguejo, cozido",209,18.5,0.0,0.0,357,52,0.07,154,2.9,360,5.7,82.7215015078386
"Corimbatá, assado",210,19.9,0.0,0.0,22,24,0.01,221,1.0,40,0.7,261.452439410567
"Corimbatá, cozido",211,20.1,0.0,0.0,65,23,0.02,185,0.6,37,1.0,238.696104867339
"Corvina grande, assada",212,26.8,0.0,0.0,60,24,0.03,176,0.5,85,0.7,146.528141125361
"Corvina grande, cozida",213,23.4,0.0,0.0,69,22,0.02,164,0.6,68,0.7,100.078124552965
"Dourada de água doce, fresca",214,18.8,0.0,0.0,12,26,0.01,189,0.2,40,0.5,131.20831472377
"Lambari, congelado, frito",215,28.4,0.0,0.0,1881,66,0.34,1067,0.8,65,5.6,326.868399886608
"Manjuba, com farinha de trigo, frita",216,23.5,10.2,0.4,763,47,0.36,578,3.0,37,3.8,343.550458723068
"Manjuba, frita",217,30.1,0.0,0.0,575,32,0.21,735,0.9,41,3.2,349.325231455366
"Merluza, filé, assado",218,26.6,0.0,0.0,36,20,0.03,273,0.4,120,0.9,121.91021833333299
"Merluza, filé, frito",219,26.9,0.0,0.0,36,38,0.02,279,0.4,90,0.6,191.627478375832
"Pescada, branca, frita",220,27.4,0.0,0.0,378,30,0.06,504,0.5,107,1.1,223.039732369304
"Pescada, filé, com farinha de trigo, frito",221,21.4,5.0,0.0,26,28,0.07,216,0.9,91,0.4,283.42521443196097
"Pescada, filé, frito",222,28.6,0.0,0.0,10,21,0.0,204,0.3,115,0.6,154.270025
"Pescada, filé, molho escabeche",223,11.8,5.0,0.8,20,18,0.08,105,1.5,51,0.3,141.95832287502301
"Pintado, assado",224,36.5,0.0,0.0,114,42,0.08,332,0.8,81,2.1,191.55914112758597
"Pintado, grelhado",225,30.8,0.0,0.0,69,27,0.03,237,0.5,53,0.8,152.190088333333
"Salmão, filé, com pele, fresco,  grelhado",226,23.9,0.0,0.0,29,28,0.02,300,0.5,85,0.6,228.731775135318
"Salmão, sem pele, fresco, grelhado",227,26.1,0.0,0.0,15,38,0.01,352,0.4,96,0.5,242.70656948709495
"Sardinha, assada",228,32.2,0.0,0.0,438,51,0.24,578,1.3,74,1.8,164.35078833333299
"Sardinha, conserva em óleo",229,15.9,0.0,0.0,550,35,0.11,496,3.5,666,1.6,284.981004871249
"Sardinha, frita",230,33.4,0.0,0.0,482,39,0.25,629,1.1,60,1.6,257.0407
"Carne, bovina, acém, moído, cozido",231,26.7,0.0,0.0,4,17,0.01,164,2.7,52,8.1,212.4204
"Carne, bovina, acém, sem gordura, cozido",232,27.3,0.0,0.0,7,14,0.0,164,2.4,56,8.0,214.61056666666698
"Carne, bovina, almôndegas, fritas",233,18.2,14.3,0.0,27,48,0.41,244,1.9,1030,2.6,271.813
"Carne, bovina, bucho, cozido",234,21.6,0.0,0.0,13,7,0.01,63,0.6,38,2.5,133.022866666667
"Carne, bovina, capa de contra-filé, com gordura, grelhada",235,30.7,0.0,0.0,7,18,0.0,214,2.6,81,6.2,311.70266666666697
"Carne, bovina, capa de contra-filé, sem gordura, grelhada",236,35.1,0.0,0.0,9,26,0.01,287,2.8,83,7.6,239.44363333333303
"Carne, bovina, charque, cozido",237,36.4,0.0,0.0,15,13,0.02,101,3.5,1443,6.1,262.780142262181
"Carne, bovina, contra-filé, à milanesa",238,20.6,12.2,0.4,15,27,0.27,203,2.9,77,2.9,351.592659198999
"Carne, bovina, contra-filé de costela, grelhado",239,29.9,0.0,0.0,4,24,0.01,252,2.8,51,6.7,274.914266666667
"Carne, bovina, contra-filé, com gordura, grelhado",240,32.4,0.0,0.0,4,19,0.0,219,2.4,57,4.8,278.053566666667
"Carne, bovina, contra-filé, sem gordura, grelhado",241,35.9,0.0,0.0,5,21,0.0,241,2.4,58,5.1,193.69156666666697
"Carne, bovina, costela, assada",242,28.8,0.0,0.0,28,20,0.0,179,2.2,92,5.5,373.0388666666671
"Carne, bovina, coxão duro, sem gordura, cozido",243,31.9,0.0,0.0,4,14,0.0,189,1.7,41,5.0,216.616066666667
"Carne, bovina, coxão mole, sem gordura, cozido",244,32.4,0.0,0.0,4,13,0.0,183,2.6,44,4.7,218.6751
"Carne, bovina, cupim, assado",245,28.6,0.0,0.0,8,18,0.0,212,2.7,72,5.3,330.100290833333
"Carne, bovina, fígado, grelhado",246,29.9,4.2,0.0,6,10,0.22,420,5.8,82,4.0,225.0264
"Carne, bovina, filé mingnon, sem gordura, grelhado",247,32.8,0.0,0.0,4,28,0.02,308,2.9,58,4.1,219.7026
"Carne, bovina, flanco, sem gordura, cozido",248,29.4,0.0,0.0,4,14,0.0,181,2.8,42,5.6,195.57536666666698
"Carne, bovina, fraldinha, com gordura, cozida",249,24.2,0.0,0.0,3,14,0.0,161,2.0,39,6.5,338.445733333333
"Carne, bovina, lagarto, cozido",250,32.9,0.0,0.0,4,13,0.0,167,1.9,48,7.0,222.468566666667
"Carne, bovina, língua, cozida",251,21.4,0.0,0.0,6,12,0.01,136,2.1,59,4.1,314.9016
"Carne, bovina, maminha, grelhada",252,30.7,0.0,0.0,4,21,0.0,237,2.4,58,5.6,153.089675833333
"Carne, bovina, miolo de alcatra, sem gordura, grelhado",253,31.9,0.0,0.0,5,26,0.02,279,3.2,52,4.8,241.36396666666698
"Carne, bovina, músculo, sem gordura, cozido",254,31.2,0.0,0.0,5,13,0.0,176,2.4,62,6.4,193.80033333333301
"Carne, bovina, paleta, sem gordura, cozida",255,29.7,0.0,0.0,6,18,0.0,197,2.2,58,6.8,193.6524
"Carne, bovina, patinho, sem gordura, grelhado",256,35.9,0.0,0.0,5,27,0.02,289,3.0,60,8.1,219.25926666666697
"Carne, bovina, peito, sem gordura, cozido",257,22.2,0.0,0.0,4,14,0.0,136,1.6,56,3.9,338.473133333333
"Carne, bovina, picanha, com gordura, grelhada",258,26.4,0.0,0.0,4,24,0.0,246,3.2,60,5.5,288.767091666667
"Carne, bovina, picanha, sem gordura, grelhada",259,31.9,0.0,0.0,4,25,0.02,282,3.6,61,6.7,238.46813333333301
"Carne, bovina, seca, cozida",260,26.9,0.0,0.0,13,12,0.02,82,1.9,1943,7.7,312.799033691446
"Frango, caipira, inteiro, com pele, cozido",261,23.9,0.0,0.0,17,18,0.01,162,1.7,56,1.7,242.889326666667
"Frango, caipira, inteiro, sem pele, cozido",262,29.6,0.0,0.0,66,23,0.02,210,2.1,53,2.7,195.760296666667
"Frango, coração, grelhado",263,22.4,0.6,0.0,8,20,0.06,276,6.5,128,3.4,207.273643333333
"Frango, coxa, com pele, assada",264,28.5,0.1,0.0,8,14,0.0,251,1.2,95,2.6,215.11864753293997
"Frango, coxa, sem pele, cozida",265,26.9,0.0,0.0,12,11,0.0,187,0.8,64,2.8,167.428032164415
"Frango, filé, à milanesa",266,28.5,7.5,1.1,9,35,0.06,249,1.1,122,0.8,220.87278
"Frango, inteiro, sem pele, assado",267,28.0,0.0,0.0,9,14,0.0,233,0.6,70,1.6,187.33779666666697
"Frango, inteiro, sem pele, cozido",268,25.0,0.0,0.0,8,12,0.0,194,0.5,51,1.2,170.38997583333298
"Frango, peito, com pele, assado",269,33.4,0.0,0.0,8,18,0.01,297,0.5,56,1.0,211.683149530729
"Frango, peito, sem pele, cozido",270,31.5,0.0,0.0,6,14,0.0,224,0.3,36,0.9,162.87476334631398
"Frango, peito, sem pele, grelhado",271,32.0,0.0,0.0,5,18,0.0,295,0.3,50,0.8,159.185007192612
"Frango, sobrecoxa, com pele, assada",272,28.7,0.0,0.0,11,15,0.0,252,1.2,96,2.2,259.604769166667
"Frango, sobrecoxa, sem pele, assada",273,29.2,0.0,0.0,12,17,0.0,281,1.2,106,2.2,232.88339666666698
"Hambúrguer, bovino, frito",274,20.0,6.3,0.0,62,60,0.52,324,3.0,1252,3.2,258.283
"Hambúrguer, bovino, grelhado",275,13.2,11.3,0.0,56,48,0.4,263,2.6,1090,3.0,209.831666666667
"Lingüiça, frango, frita",276,18.3,0.0,0.0,15,29,0.1,262,0.8,1374,1.2,245.46100666666698
"Lingüiça, frango, grelhada",277,18.2,0.0,0.0,14,21,0.1,228,0.7,1351,1.0,243.6585675
"Lingüiça, porco, frita",278,20.5,0.0,0.0,8,18,0.01,211,0.9,1432,3.1,279.543589166667
"Lingüiça, porco, grelhada",279,23.2,0.0,0.0,8,19,0.01,210,1.0,1456,3.5,296.489609166667
"Peru, congelado, assado",280,26.2,0.0,0.0,14,12,0.02,197,0.6,628,1.2,163.071397931377
"Porco, bisteca, frita",281,33.7,0.0,0.0,69,29,0.01,290,0.8,63,2.2,311.169045334856
"Porco, bisteca, grelhada",282,28.9,0.0,0.0,34,25,0.0,229,0.9,51,2.3,280.084034902771
"Porco, costela, assada",283,30.2,0.0,0.0,17,14,0.0,201,1.0,63,3.1,402.168447450837
"Porco, lombo, assado",284,35.7,0.0,0.0,20,18,0.0,238,0.5,39,1.8,210.23466557963695
"Porco, pernil, assado",285,32.1,0.0,0.0,18,27,0.01,247,1.3,62,3.3,262.25960666666697
"Quibe, assado",286,14.6,12.9,1.9,16,36,0.76,174,2.2,40,4.1,136.228876141588
"Quibe, cru",287,12.4,10.8,1.6,12,26,0.39,126,1.7,39,2.8,109.490669294755
"Quibe, frito",288,14.9,12.3,0.0,22,39,0.72,166,2.0,836,2.8,253.83130886964
"Toucinho, frito",289,27.3,0.0,0.0,9,9,0.01,95,0.9,125,0.8,696.5640066666672
"Omelete, de queijo",290,15.6,0.4,0.0,166,14,0.03,314,1.4,216,1.4,268.006772182425
"Ovo, de galinha, clara, cozida/10minutos",291,13.4,0.0,0.0,6,11,0.0,15,0.1,181,0.0,59.4356966666667
"Ovo, de galinha, gema, cozida/10minutos",292,15.9,1.6,0.0,114,9,0.06,386,2.9,45,2.9,352.67334
"Ovo, de galinha, inteiro, cozido/10minutos",293,13.3,0.6,0.0,49,11,0.02,184,1.5,146,1.2,145.70017
"Ovo, de galinha, inteiro, frito",294,15.6,1.2,0.0,73,16,0.03,422,2.1,166,1.5,240.18722400911705
